{"cameraMode":{"drawMode":0,"name":"Shaded","section":"Shading Mode"},"sceneLighting":true,"audioPlay":false,"sceneViewState":{"showFog":false,"showMaterialUpdate":false,"showSkybox":true,"showFlares":false,"showImageEffects":false,"showParticleSystems":true},"in2DMode":false,"pivot":{"x":1717.603271484375,"y":904.1319580078125,"z":-101.88439178466797},"rotation":{"x":0.04828549548983574,"y":0.014978053979575634,"z":-0.0007245137239806354,"w":0.9987267255783081},"size":395.7258605957031,"orthographic":false}