{"cameraMode":{"drawMode":0,"name":"Shaded","section":"Shading Mode"},"sceneLighting":true,"audioPlay":false,"sceneViewState":{"showFog":false,"showMaterialUpdate":false,"showSkybox":true,"showFlares":false,"showImageEffects":false,"showParticleSystems":true},"in2DMode":false,"pivot":{"x":1665.7867431640625,"y":894.6906127929688,"z":-104.77902221679688},"rotation":{"x":0.060194890946149829,"y":-0.05088946968317032,"z":0.0030724864918738605,"w":0.9968894720077515},"size":395.7258605957031,"orthographic":false}