{"cameraMode":{"drawMode":0,"name":"Shaded","section":"Shading Mode"},"sceneLighting":false,"audioPlay":false,"sceneViewState":{"showFog":true,"showMaterialUpdate":false,"showSkybox":false,"showFlares":true,"showImageEffects":true,"showParticleSystems":true},"in2DMode":false,"pivot":{"x":-0.01161336898803711,"y":1.3765608072280884,"z":0.03206801414489746},"rotation":{"x":0.17486995458602906,"y":-0.21086245775222779,"z":0.03837090730667114,"w":0.9609849452972412},"size":14.084988594055176,"orthographic":false}