{"cameraMode":{"drawMode":0,"name":"Shaded","section":"Shading Mode"},"sceneLighting":false,"audioPlay":false,"sceneViewState":{"showFog":true,"showMaterialUpdate":false,"showSkybox":false,"showFlares":true,"showImageEffects":true,"showParticleSystems":true},"in2DMode":false,"pivot":{"x":-11.237024307250977,"y":-7.657983303070068,"z":-18.37319564819336},"rotation":{"x":0.17486995458602906,"y":-0.21086245775222779,"z":0.03837090730667114,"w":0.9609849452972412},"size":134.73019409179688,"orthographic":false}