{"cameraMode":{"drawMode":0,"name":"Shaded","section":"Shading Mode"},"sceneLighting":false,"audioPlay":false,"sceneViewState":{"showFog":true,"showMaterialUpdate":false,"showSkybox":false,"showFlares":true,"showImageEffects":true,"showParticleSystems":true},"in2DMode":false,"pivot":{"x":0.0,"y":-31.76351547241211,"z":0.8726348876953125},"rotation":{"x":0.17486995458602906,"y":-0.21086245775222779,"z":0.03837090730667114,"w":0.9609849452972412},"size":210.89126586914063,"orthographic":false}