{"cameraMode":{"drawMode":0,"name":"Shaded","section":"Shading Mode"},"sceneLighting":false,"audioPlay":false,"sceneViewState":{"showFog":true,"showMaterialUpdate":false,"showSkybox":false,"showFlares":true,"showImageEffects":true,"showParticleSystems":true},"in2DMode":false,"pivot":{"x":-0.0006637275218963623,"y":-45.96611022949219,"z":-118.98270416259766},"rotation":{"x":0.22308628261089326,"y":0.013159329071640969,"z":-0.0030118387658149006,"w":0.9747065901756287},"size":1.649154782295227,"orthographic":false}