{"cameraMode":{"drawMode":0,"name":"Shaded","section":"Shading Mode"},"sceneLighting":false,"audioPlay":false,"sceneViewState":{"showFog":true,"showMaterialUpdate":false,"showSkybox":false,"showFlares":true,"showImageEffects":true,"showParticleSystems":true},"in2DMode":false,"pivot":{"x":2.1141891479492189,"y":-17.483081817626954,"z":-0.02417755126953125},"rotation":{"x":0.17486995458602906,"y":-0.21086245775222779,"z":0.03837090730667114,"w":0.9609849452972412},"size":225.54498291015626,"orthographic":false}