{"cameraMode":{"drawMode":0,"name":"Shaded","section":"Shading Mode"},"sceneLighting":false,"audioPlay":false,"sceneViewState":{"showFog":true,"showMaterialUpdate":false,"showSkybox":false,"showFlares":true,"showImageEffects":true,"showParticleSystems":true},"in2DMode":false,"pivot":{"x":-0.40000152587890627,"y":27.066314697265626,"z":0.8668403625488281},"rotation":{"x":0.17486995458602906,"y":-0.21086245775222779,"z":0.03837090730667114,"w":0.9609849452972412},"size":236.93301391601563,"orthographic":false}